<?xml version="1.0" encoding="utf-8" ?>
<Config>
  <Benefit Name = "General Practitioner" Status="R" Remark="4S">
	  <Priority>PV-OUT</Priority>
  </Benefit>
  <Benefit Name = "Chinese Herbalist" Status="R" Remark="8A">
	  <Priority>HERBAL,HE/AC,BON/HE,B/H/AC,B/H/AT</Priority>
  </Benefit>
  <Benefit Name = "Bonesetter" Status="R" Remark="8A">
	  <Priority>BONE,BON/AC,BON/HE,B/H/AC,B/H/AT</Priority>
  </Benefit>
  <Benefit Name = "SP" Status="R" Remark="8A">
	  <Priority>SPV/CH,SP/P/C,SP/PHY,EME-SP,CI-SPV,EMEDSP,GOVSPV,SPVHKE,SPV-OE,2SPVO,SPCASH,SPV-OV,SOUT,SPHOME,SPOUT,SPV-OT,SPVOUT,SPOVER,SP-O-H,SPV-$,SPV-HA,OP-BAL</Priority>
  </Benefit>
  <Benefit Name = "Physio" Status="R" Remark="8A">
	  <Priority>PHY/BO,P/C/AC,GOVP/C,P/COUT,PHY/CH,P/HOUT,PHYSIO,PHCASH,PHY-$,PHY-OV,PHYOUT,PHY2,PHY-OT,SP/P/C,SP/PHY,XPRPHC</Priority>
  </Benefit>
  <Benefit Name = "Chiropractor" Status="R" Remark="8A">
	  <Priority>EME-CH,CHIHKE,CHIROP,CHI-OE,P/C/AC,GOVP/C,P/COUT,PHY/CH,SPV/CH,SP/P/C,XPRPHC</Priority>
  </Benefit>
  <Benefit Name = "Acup" Status="R" Remark="8A">
	  <Priority>ACU,ACU/NA,BON/AC,HE/AC</Priority>
  </Benefit>
  <Benefit Name = "Checkup" Status="R" Remark="8A">
	  <Priority>CH/DEN,CH/ORA,CH-DOH,DCOHT,CH/VAC,CH/E/V,CH-UP,CH-UP1,CHUPIO,EYE-CH,E-CHUP</Priority>
  </Benefit>
  <Benefit Name = "Climed" Status="R" Remark="8A">
	  <Priority>EX-MED,MED-GP,MED-SP,CLIMED</Priority>
  </Benefit>
  <Benefit Name = "Mental" Status="R" Remark="8A">
	  <Priority>MENTAL,MEN-OP,PSYCHI,PSY-GP</Priority>
  </Benefit>
  <Benefit Name = "Premed" Status="R" Remark="8A">
	  <Priority>PMOHKE,PREMED,PREMOV,XLPREM,X-PREM,XPRPHC</Priority>
  </Benefit>
  <Benefit Name = "XL" Status="R" Remark="8A">
	  <Priority>XPRPHC,XLPREM,X-PREM,ADTEST,CTSOPD,HISTEX,XLHKE,XL-OE,MRIOPD,A-TEST,RADGRY,XL,XLOVER,EME-XL,QXL</Priority>
  </Benefit>
  <Benefit Name = "Chemo" Status="R" Remark="8A">
	  <Priority>CHE/RA,CHEOPD,CHEMO</Priority>
  </Benefit>
  <Benefit Name = "Lens" Status="R" Remark="8A">
	  <Priority>LENS</Priority>
  </Benefit>
  <Benefit Name = "Membership Fee" Status="R" Remark="8A">
	  <Priority>CLUB-F</Priority>
  </Benefit>
  <Benefit Name = "Optic" Status="R" Remark="8A">
	  <Priority>OPTIC</Priority>
  </Benefit>
  <Benefit Name = "Radio" Status="R" Remark="8A">
	  <Priority>RADOPD,RADIO</Priority>
  </Benefit>
  <Benefit Name = "Renal Dialysis" Status="R" Remark="8A">
	  <Priority>RD-OPD,RENAL</Priority>
  </Benefit>
  <Benefit Name = "Vaccine" Status="R" Remark="8A">
	  <Priority>VAC-BU,VAC-SE,VACCIN</Priority>
  </Benefit>
  <Benefit Name = "Work Injury" Status="R" Remark="8A">
	  <Priority>INJURY</Priority>
  </Benefit>
 </Config>